DROP TABLE IF EXISTS
subject,
student,
attempt,
question,
answer,
testing;

CREATE DATABASE stepik_testing_63054;
USE stepik_testing_63054;

CREATE TABLE subject (
    subject_id INT PRIMARY KEY AUTO_INCREMENT,
    name_subject varchar(30)
);

INSERT INTO subject (subject_id,name_subject) VALUES 
    (1,'Основы SQL'),
    (2,'Основы баз данных'),
    (3,'Физика');

CREATE TABLE student (
    student_id INT PRIMARY KEY AUTO_INCREMENT,
    name_student varchar(50)
);

INSERT INTO student (student_id,name_student) VALUES
    (1,'Баранов Павел'),
    (2,'Абрамова Катя'),
    (3,'Семенов Иван'),
    (4,'Яковлева Галина');

CREATE TABLE attempt (
    attempt_id INT PRIMARY KEY AUTO_INCREMENT,
    student_id INT,
    subject_id INT,
    date_attempt date,
    result INT,
    FOREIGN KEY (student_id) REFERENCES student (student_id) ON DELETE CASCADE,
    FOREIGN KEY (subject_id) REFERENCES subject (subject_id) ON DELETE CASCADE
);

INSERT INTO attempt (attempt_id,student_id,subject_id,date_attempt,result) VALUES
    (1,1,2,'2020-03-23',67),
    (2,3,1,'2020-03-23',100),
    (3,4,2,'2020-03-26',0),
    (4,1,1,'2020-04-15',33),
    (5,3,1,'2020-04-15',67),
    (6,4,2,'2020-04-21',100),
    (7,3,1,'2020-05-17',33);

CREATE TABLE question (
    question_id INT PRIMARY KEY AUTO_INCREMENT,
    name_question varchar(100), 
    subject_id INT,
    FOREIGN KEY (subject_id) REFERENCES subject (subject_id) ON DELETE CASCADE
);

INSERT INTO question (question_id,name_question,subject_id) VALUES
    (1,'Запрос на выборку начинается с ключевого слова:',1),
    (2,'Условие, по которому отбираются записи, задается после ключевого слова:',1),
    (3,'Для сортировки используется:',1),
    (4,'Какой запрос выбирает все записи из таблицы student:',1),
    (5,'Для внутреннего соединения таблиц используется оператор:',1),
    (6,'База данных - это:',2),
    (7,'Отношение - это:',2),
    (8,'Концептуальная модель используется для',2),
    (9,'Какой тип данных не допустим в реляционной таблице?',2);

CREATE TABLE answer (
    answer_id INT PRIMARY KEY AUTO_INCREMENT,
    name_answer varchar(100),
    question_id INT,
    is_correct BOOLEAN,
    CONSTRAINT answer_ibfk_1 FOREIGN KEY (question_id) REFERENCES question (question_id) ON DELETE CASCADE
);

INSERT INTO answer (answer_id,name_answer,question_id,is_correct) VALUES
    (1,'UPDATE',1,FALSE),
    (2,'SELECT',1,TRUE),
    (3,'INSERT',1,FALSE),
    (4,'GROUP BY',2,FALSE),
    (5,'FROM',2,FALSE),
    (6,'WHERE',2,TRUE),
    (7,'SELECT',2,FALSE),
    (8,'SORT',3,FALSE),
    (9,'ORDER BY',3,TRUE),
    (10,'RANG BY',3,FALSE),
    (11,'SELECT * FROM student',4,TRUE),
    (12,'SELECT student',4,FALSE),
    (13,'INNER JOIN',5,TRUE),
    (14,'LEFT JOIN',5,FALSE),
    (15,'RIGHT JOIN',5,FALSE),
    (16,'CROSS JOIN',5,FALSE),
    (17,'совокупность данных, организованных по определенным правилам',6,TRUE),
    (18,'совокупность программ для хранения и обработки больших массивов информации',6,FALSE),
    (19,'строка',7,FALSE),
    (20,'столбец',7,FALSE),
    (21,'таблица',7,TRUE),
    (22,'обобщенное представление пользователей о данных',8,TRUE),
    (23,'описание представления данных в памяти компьютера',8,FALSE),
    (24,'база данных',8,FALSE),
    (25,'file',9,TRUE),
    (26,'INT',9,FALSE),
    (27,'VARCHAR',9,FALSE),
    (28,'DATE',9,FALSE);

CREATE TABLE testing (
    testing_id INT PRIMARY KEY AUTO_INCREMENT,
    attempt_id INT,
    question_id INT,
    answer_id INT,
    FOREIGN KEY (attempt_id) REFERENCES attempt (attempt_id) ON DELETE CASCADE
);

INSERT INTO testing (testing_id,attempt_id,question_id,answer_id) VALUES
    (1,1,9,25),
    (2,1,7,19),
    (3,1,6,17),
    (4,2,3,9),
    (5,2,1,2),
    (6,2,4,11),
    (7,3,6,18),
    (8,3,8,24),
    (9,3,9,28),
    (10,4,1,2),
    (11,4,5,16),
    (12,4,3,10),
    (13,5,2,6),
    (14,5,1,2),
    (15,5,4,12),
    (16,6,6,17),
    (17,6,8,22),
    (18,6,7,21),
    (19,7,1,3),
    (20,7,4,11),
    (21,7,5,16);